topic,topic_slug,primary_keyword,content_type,target_url,stage,last_updated,cannibalization_notes,owner_notes
Doing Business in India (pillar),doing-business-in-india,doing business in India,pillar page,/doing-business-in-india,published,2026-05-04,Parent pillar for why-india/pre-incorporation/entry-process/incorporation/post-incorporation clusters,Existing live page — seed entry, not yet run through this pipeline
India Business Setup (pillar),india-business-setup,India business setup,pillar page,/india-business-setup,published,2026-05-04,Overlaps conceptually with doing-business-in-india pillar — distinct angle (setup mechanics vs. entry decision); keep linked not merged,Existing live page — seed entry
Complete Guide to Company Registration in India,india-business-setup-company-formation,company registration in India,pillar page,/india-business-setup/company-formation,published,2026-08-25,"Was flagged as close to 'company registration in India' — resolved by expanding this exact page in place rather than creating a new URL, consolidating rather than splitting ranking signal. India-business-setup/* pages (fdi-channels, regulatory-compliance, banking-taxation, timeline-resources) designated canonical procedural funnel over doing-business-in-india/* per Stage 6.","Full 11-stage pipeline run, both checkpoints approved. Final QA 8.5/10 (would be 9+/10 clean), verdict 'Approved with Must-Fix items resolved first' — both items (byline overclaiming a completed professional review; unhedged 182-day resident-director citation) resolved via honest hedging, matching the gcc-setup-india precedent for pending regulatory figures. 3 items still flagged in 09-fact-check.md for eventual CS/CA/tax professional confirmation (Section 149(3) financial-year wording, FC-GPR 30-day window's RBI Master Direction, DTAA/Income Tax Act 2025 section mapping) — stated with calibrated hedges, not false certainty, so safe to publish as drafted. Implemented as a live Next.js page 2026-08-25 (page.tsx + layout.tsx rebuilt from the approved draft) and internal-linking gap closed (all 7 country pages — Australia, US, UK, Singapore, Germany, Japan, China — now link here; previously only German did). No Australia-specific subsidiary-vs-branch comparison page exists yet (unlike US/UK) — flagged as a plausible future cluster page, out of scope here."
FDI Channels in India,india-business-setup-fdi-channels,FDI in India,cluster page,/india-business-setup/fdi-channels,published,2026-05-04,,Existing live page — seed entry
Regulatory Compliance (India Business Setup),india-business-setup-regulatory-compliance,India regulatory compliance,cluster page,/india-business-setup/regulatory-compliance,published,2026-05-04,,Existing live page — seed entry
Banking & Taxation (India Business Setup),india-business-setup-banking-taxation,India banking and taxation for business,cluster page,/india-business-setup/banking-taxation,published,2026-05-04,,Existing live page — seed entry
India Entry for US Companies,india-entry-for-us-companies,India entry for US companies,location page,/india-entry-for-us-companies,published,2026-07-29,,Existing live page — seed entry
India Entry for UK Companies,india-entry-for-uk-companies,India entry for UK companies,location page,/india-entry-for-uk-companies,published,2026-07-29,,Existing live page — seed entry
India Entry for Singapore Companies,india-entry-for-singapore-companies,India entry for Singapore companies,location page,/india-entry-for-singapore-companies,published,2026-07-29,,Existing live page — seed entry
India Entry for Australian Companies,india-entry-for-australian-companies,India entry for Australian companies,location page,/india-entry-for-australian-companies,published,2026-07-29,,Existing live page — seed entry
Australia Subsidiary vs Branch Office in India,australia-subsidiary-vs-branch-office-india,Australia subsidiary vs branch office India,cluster page,/india-entry-for-australian-companies/australia-subsidiary-vs-branch-office-india,published,2026-08-26,None found — mirrors existing published US/UK subsidiary-vs-branch pages with no query overlap; closes a gap VJM Global itself doesn't cover despite claiming 250+ Australian clients (found in the company-registration pipeline's Stage 3 competitor analysis 2026-08-25),"Built directly (not through the full pipeline) mirroring the proven US/UK RegionClusterTemplate pattern. Real, verified Australia-specific content: CFC attribution rules under Part X of the Income Tax Assessment Act 1936 (FAQ), AASB accounting standards, and the DTAA dividend/royalty figures (15% dividends/interest/FTS, 10%/15% split royalty, Finance Act 2023 domestic-rate note) already verified and live on /india-entry-for-australian-companies — no new unverified facts introduced. Linked from the Australia hub's Entity Structure card."
India Entry for German Companies,india-entry-for-german-companies,India entry for German companies,location page,/india-entry-for-german-companies,published,2026-07-30,,Existing live page — seed entry
India Entry for Japan Companies,india-entry-for-japan-companies,India entry for Japan companies,location page,/india-entry-for-japan-companies,published,2026-07-30,,Existing live page — seed entry
India Entry for China Companies,india-entry-for-china-companies,India entry for China companies,location page,/india-entry-for-china-companies,published,2026-07-30,,Existing live page — seed entry
Wholly-Owned Subsidiary,blog-wholly-owned-subsidiary,wholly owned subsidiary India,blog article,/blog/wholly-owned-subsidiary,published,2026-05-04,Overlaps with US/UK subsidiary-vs-branch cluster pages — differentiate as general explainer vs. country-specific,Existing live page — seed entry
India Safe Harbour Rules 2026,blog-india-safe-harbour-rules-2026,India safe harbour rules,regulatory explainer,/blog/india-safe-harbour-rules-2026,published,2026-07-30,Adjacent to transfer-pricing content under india-entry-for-us-companies,Existing live page — seed entry
Transfer Pricing (US subsidiary),india-entry-us-transfer-pricing,transfer pricing US India subsidiary,regulatory explainer,/india-entry-for-us-companies/transfer-pricing-us-india-subsidiary,published,2026-07-29,,Existing live page — seed entry
GCC Setup in India,gcc-setup-india,GCC setup in India,pillar page,/gcc-setup-india,published,2026-08-20,None found — first dedicated GCC page on the site; two existing country pages (Singapore/Australia) carry a thin "GCC Setup" card that should link here once live,"Full 11-stage pipeline run, both checkpoints approved. Final QA 8.7/10. Implemented as a live Next.js page (app/gcc-setup-india/page.tsx, 479 lines) and indexed — confirmed live and self-canonical in the 2026-08-26 GSC follow-up audit. 7 regulatory figures (FC-GPR/FC-TRS deadlines, FLA due date, safe harbour margin/threshold, tax-section citation, PF/ESI thresholds, Form 3CEB documentation threshold) intentionally hedged pending human/professional sign-off before adding as hard numbers. Cost/timeline cluster pages deferred to future runs. No named individuals per explicit human instruction — this policy was also retroactively applied to the 7 existing india-entry-for-*-companies pages. Singapore and Australia hub pages both link here from their GCC Setup card, closing the internal-link gap the original note flagged."
India-Japan BIS Exemption for High-Tech Investment,blog-india-japan-bis-exemption-high-tech-investment,India Japan BIS exemption high-tech investment,news/regulatory explainer,/blog/india-japan-bis-exemption-high-tech-investment,published,2026-08-26,None found — timely news piece on the 25 Aug 2026 Goyal announcement; complements (does not overlap) the evergreen /india-entry-for-japan-companies hub,"Built directly from user-supplied article content (not through the full pipeline) — user supplied full draft text and asked for a page with a Japan-themed visual treatment. Core factual claim (Piyush Goyal's BIS exemption announcement in Tokyo, 25 Aug 2026) verified via WebSearch against 4 independent news sources (ANI, Business Standard, Daily Excelsior, India News Stream) before publishing. Custom hero design (navy/gold site palette + Japan-red accent, rising-sun and sakura motifs, CSS/SVG only, no stock imagery) rather than the standard plain-prose blog template. Linked from /india-entry-for-japan-companies Related Reading and from the blog index."
GST & OIDAR Registration for Foreign SaaS and AI Companies,ai-saas-companies-tax-compliance-page-a,OIDAR registration India / GST registration for SaaS companies in India,regulatory explainer / compliance guide,/oidar-gst-registration-india,published,2026-09-16,None found — first dedicated OIDAR/digital-services-GST page on the site; genuinely new ground vs. /services/taxation-regulatory (domestic GST threshold, different audience) and /doing-business-in-india/incorporation (SEP, different tax regime) — explicit disambiguation built into both pages rather than merging,"Full 11-stage pipeline run, both checkpoints approved. Stage 9 fact-check caught and fixed a real error (draft said Form GST REG-09, correct form is GST REG-10) plus an unsourced DGGI enforcement-mechanism claim. Stage 10 caught an overclaimed SAC code (9983) stated with more confidence than sourcing supported — removed, kept the confirmed 18% rate. Final QA 8.1/10 (gated by Trust dimension, resolved by stripping 3 leftover inline writer's-notes that had survived into reader-facing prose). Built as a matched pair with Page B (india-entry-for-saas-companies) sharing a word-for-word-identical three-scenario Decision Framework — the pipeline's identified differentiation asset that zero of 8 reviewed competitors (including closest analog Treelife's own two-page pair) currently offer. Outstanding precondition before further edits: qualified AU Corporate tax/GST professional sign-off needed on SAC code precision, currency of the newly-commenced Income-tax Act 2025 SEP citation, current DGGI enforcement operational status, and a live gst.gov.in URL. IMPLEMENTED 2026-09-16 as a live Next.js page (app/oidar-gst-registration-india/) — the shared Decision Framework was built as lib/decision-framework.ts + components/ScenarioSelector.tsx (imported identically by both Page A and Page B, structurally preventing drift), FAQ shipped with matching FAQPage JSON-LD via Breadcrumb-style single-source schema, sitemap.ts updated, and a homepage Related Resources card added linking to this page. Verified via clean build + Playwright (200 status, ~3,940 words, no console errors beyond benign sandbox proxy artifacts, ScenarioSelector click-to-reveal confirmed working)."
India Entry for AI, SaaS and Technology Companies,ai-saas-companies-tax-compliance-page-b,India entry for SaaS companies,industry-vertical India-entry guide,/india-entry-for-saas-companies,published,2026-09-16,None found — new industry axis alongside the existing geography-axis india-entry-for-*-companies pages; specializes (does not duplicate) /india-business-setup/company-formation's generic SPICe+ mechanics and /india-business-setup/fdi-channels' sector table,"Full 11-stage pipeline run, both checkpoints approved. Stage 9 fact-check caught and fixed a real error (draft cited superseded Section 115BAA instead of its Income-tax Act 2025 renumbering, Section 200) plus an overstated claim that an OIDAR registration automatically converts into the new entity's GST registration on incorporation (corrected to describe two separate registrations requiring an affirmative wind-down step — same fix applied to Page A's matching passages for consistency). Stage 10 caught and fixed a leftover FAQ answer that still had the pre-Stage-9-fix overclaim. Final QA 8.7/10, zero must-fix items. Reuses the existing EntitySelectorTool component; country-callout grid links all 7 existing india-entry-for-*-companies hubs. Shares a word-for-word-identical three-scenario Decision Framework with Page A (confirmed via character-by-character check at Stage 11 — no drift after corrections). Outstanding precondition before further edits: qualified AU Corporate professional sign-off needed on effective tax-rate/surcharge currency, FC-GPR window durability, SPICe+ timelines, and FDI sector-edge classification for AI/data-handling. IMPLEMENTED 2026-09-16 as a live Next.js page (app/india-entry-for-saas-companies/) — reuses EntitySelectorTool as-is per architecture; shares lib/decision-framework.ts + components/ScenarioSelector.tsx with Page A so the two pages structurally cannot drift; country callout grid links all 7 india-entry-for-*-companies hubs; sitemap.ts updated; homepage Related Resources card added. Verified via clean build + Playwright (200 status, ~4,140 words, no console errors beyond benign sandbox proxy artifacts, ScenarioSelector and EntitySelectorTool both confirmed working)."
Global VAT & Sales Tax Compliance for AI & SaaS Companies,global-vat-compliance-ai-saas-companies,global VAT compliance for SaaS companies,managed-service landing page,/global-vat-compliance-ai-saas-companies,published,2026-09-17,"Complementary to, not cannibalizing, the India-specific ai-saas-companies-tax-compliance pair — Page A (oidar-gst-registration-india) covers India's no-threshold OIDAR rule in full depth and is linked from this page's India row rather than duplicated; this page is the multi-jurisdiction (US/UK/EU/Japan/Korea/Singapore/China/Turkey/etc.) counterpart the OIDAR page's 'Global Digital-Services Tax Trends' section previously declined to cover and now links to directly.","Built directly from a user-supplied landing-page wireframe/copy brief (managed global VAT/sales-tax filing service via human CSV-intake pipeline, positioned against rigid automated tax software) — NOT run through the full 11-stage pipeline (no independent SERP/keyword/competitor research, no fact-authority-check, no EEAT review stage). Before building, explicitly confirmed with the user via AskUserQuestion whether AU Corporate genuinely operates this multi-jurisdiction managed filing capability, since the wireframe's central claim (direct filing with tax authorities across ~12 countries) is a material, checkable capability statement and contradicts the India OIDAR/SaaS pipeline's own explicit guardrail against claiming multi-jurisdiction VAT/GST authority — user confirmed 'Yes, this is real.' Implemented as app/global-vat-compliance-ai-saas-companies/ (+ layout.tsx): hero, 3 pain-point cards, rigid-software-vs-managed-service comparison table, 3-step how-it-works, jurisdiction-coverage grid (India row links to oidar-gst-registration-india instead of duplicating that page's content), FAQ + schema, LeadForm (standard shared component — no custom billing-platform dropdown field; noted in the form description instead since Web3Form's fields are fixed sitewide), closing RelatedResources linking to both existing AI/SaaS pages and taxation-regulatory. Cross-linked back from oidar-gst-registration-india's global-trends section, replacing its prior 'we won't attempt jurisdiction comparison here' disclaimer now that this page exists. sitemap.ts updated. UPDATE 2026-09-21: added to the navbar (Services > Tax & Regulatory submenu, alongside the OIDAR page) and to the homepage Related Resources grid (now 7 cards, grid switched to 4-column), per explicit user instruction to work on SEO/ranking and restructure as needed. Outstanding: the specific jurisdiction list and 'we file directly with each authority' claim still rest on the user's one-line confirmation rather than independent verification of e.g. AU Corporate's Uniproasia/correspondent-firm network scope per country — worth a follow-up fact/scope check before heavy ad spend or outreach volume targets this page specifically."
